Item,Price Currency,Price Start,Price End,Minimum Order,Supply Ability,Port,Image,Url
Agricultural or Farm Use High Quality Tractor,US $,2500,6000,1 Set/Sets, 20 Piece/Pieces per Month , MUNDRA ,//sc02.alicdn.com/kf/UTB8rubMtBahduJk43Jaq6zM8FXa4/Agricultural-or-Farm-Use-High-Quality-Tractor.jpg_50x50.jpg //sc02.alicdn.com/kf/UT819.kXMdXXXagOFbXY/Agricultural-or-Farm-Use-High-Quality-Tractor.jpg_50x50.jpg //sc01.alicdn.com/kf/UT8B2AlXJxXXXagOFbXp/Agricultural-or-Farm-Use-High-Quality-Tractor.jpg_50x50.jpg ,https://www.alibaba.com/product-detail/Agricultural-or-Farm-Use-High-Quality_50031941175.html
Stainless steel solar power egg incubator/hatcher,US $,200,2000,1 Set/Sets egg incubator, 200 Set/Sets per Month egg incubator , Tianjin/Shanghai/Qingdao ,//sc01.alicdn.com/kf/HTB1v2hAr4GYBuNjy0Fnq6x5lpXaz/Stainless-steel-solar-power-egg-incubator-hatcher.jpg_50x50.jpg //sc01.alicdn.com/kf/HTB1y_btKFXXXXXtXVXXq6xXFXXXn/Stainless-steel-solar-power-egg-incubator-hatcher.jpg_50x50.jpg //sc01.alicdn.com/kf/HTB1EgDwKFXXXXcqXFXXq6xXFXXXJ/Stainless-steel-solar-power-egg-incubator-hatcher.jpg_50x50.jpg //sc02.alicdn.com/kf/HTB1x2MJrKuSBuNjSsplq6ze8pXad/Stainless-steel-solar-power-egg-incubator-hatcher.jpg_50x50.jpg //sc02.alicdn.com/kf/HTB1RNlpr1uSBuNjy1Xcq6AYjFXa2/Stainless-steel-solar-power-egg-incubator-hatcher.jpg_50x50.jpg //sc02.alicdn.com/kf/HTB1r0oqrMaTBuNjSszfq6xgfpXaO/Stainless-steel-solar-power-egg-incubator-hatcher.jpg_50x50.jpg ,https://www.alibaba.com/product-detail/Stainless-steel-solar-power-egg-incubator_60378661213.html
Agricultural tractor BIAS Tyre,US $,15,350,1 Piece/Pieces, 200000 Unit/Units per Year , QINGDAO ,//sc01.alicdn.com/kf/HTB1U6.AHVXXXXaYXXXXq6xXFXXXq/Agricultural-tractor-BIAS-Tyre.jpg_50x50.jpg //sc02.alicdn.com/kf/HTB1kx8MIXXXXXaqXXXXq6xXFXXX7/Agricultural-tractor-BIAS-Tyre.jpg_50x50.jpg //sc02.alicdn.com/kf/HTB1usRIIXXXXXcKXXXXq6xXFXXXC/Agricultural-tractor-BIAS-Tyre.jpg_50x50.jpg ,https://www.alibaba.com/product-detail/Agricultural-tractor-BIAS-Tyre_60250743131.html
AC/DC180 to 500 eggs capacity used chicken egg incubator price for sale,US $,180,210,1 Set/Sets, 10000 Set/Sets per Month , Qingdao ,//sc01.alicdn.com/kf/HTB14khlSVXXXXcQXVXXq6xXFXXXq/AC-DC180-to-500-eggs-capacity-used.jpg_50x50.jpg //sc01.alicdn.com/kf/HTB1HRGHh8cHL1JjSZFBq6yiGXXaf/AC-DC180-to-500-eggs-capacity-used.jpg_50x50.jpg //sc02.alicdn.com/kf/HTB19T9th97PL1JjSZFHq6AciXXaA/AC-DC180-to-500-eggs-capacity-used.jpg_50x50.jpg //sc01.alicdn.com/kf/HTB1wyCOcovMR1JjSZPcq6A1tFXai/AC-DC180-to-500-eggs-capacity-used.jpg_50x50.jpg //sc01.alicdn.com/kf/HTB1oa5lh1EJL1JjSZFGq6y6OXXae/AC-DC180-to-500-eggs-capacity-used.jpg_50x50.jpg //sc01.alicdn.com/kf/HTB1IV0wXKKAUKJjSZFzq6xdQFXau/AC-DC180-to-500-eggs-capacity-used.jpg_50x50.jpg ,https://www.alibaba.com/product-detail/AC-DC180-to-500-eggs-capacity_60462385328.html
Agricultural farm R1 pattern 9.5-24 12.4-28 16.9-30 18.4-30 cheap tractor tires,US $,50,120,1 Piece/Pieces, 50000 Piece/Pieces per Month , QingdaoChina ,//sc01.alicdn.com/kf/HTB1lzjlJVXXXXc_XXXXq6xXFXXX2/Agricultural-farm-R1-pattern-9-5-24.jpg_50x50.jpg //sc01.alicdn.com/kf/HTB1CH.tIVXXXXXgXFXXq6xXFXXXk/Agricultural-farm-R1-pattern-9-5-24.jpg_50x50.jpg //sc01.alicdn.com/kf/HTB1GNO_IVXXXXc9XpXXq6xXFXXXW/Agricultural-farm-R1-pattern-9-5-24.jpg_50x50.jpg //sc02.alicdn.com/kf/HTB1M2Q5JVXXXXbTXpXXq6xXFXXXe/Agricultural-farm-R1-pattern-9-5-24.jpg_50x50.jpg //sc02.alicdn.com/kf/HTB1YjI1JVXXXXXTXFXXq6xXFXXXi/Agricultural-farm-R1-pattern-9-5-24.jpg_50x50.jpg //sc02.alicdn.com/kf/HTB1B97MJVXXXXa.XVXXq6xXFXXXT/Agricultural-farm-R1-pattern-9-5-24.jpg_50x50.jpg ,https://www.alibaba.com/product-detail/Agricultural-farm-R1-pattern-9-5_60304318661.html
Automatic corn silage packing machine /silage baler machine for sale,US $,2000,5000,1 Set/Sets corn silage packing machine, 45 Set/Sets per Month corn silage packing machine , Qingdao or Shanghai or Tianjin ,https://img.alicdn.com/bao/uploaded/TB1GifWRXXXXXXTXVXXXXXXXXXX.jpg //sc01.alicdn.com/kf/HTB1fhPKgj7nBKNjSZLeq6zxCFXaM/Automatic-corn-silage-packing-machine-silage-baler.jpg_50x50.jpg //sc02.alicdn.com/kf/HTB1r7hXgvImBKNjSZFlq6A43FXaS/Automatic-corn-silage-packing-machine-silage-baler.jpg_50x50.jpg //sc01.alicdn.com/kf/HTB1fMzLsKGSBuNjSspbq6AiipXaJ/Automatic-corn-silage-packing-machine-silage-baler.jpg_50x50.jpg //sc01.alicdn.com/kf/HTB1WfASRXXXXXbQXXXXq6xXFXXXE/Automatic-corn-silage-packing-machine-silage-baler.jpg_50x50.jpg //sc02.alicdn.com/kf/HTB1idUvRXXXXXcBXFXXq6xXFXXXt/Automatic-corn-silage-packing-machine-silage-baler.jpg_50x50.jpg //sc02.alicdn.com/kf/HTB1agLqMVXXXXckXXXXq6xXFXXXH/Automatic-corn-silage-packing-machine-silage-baler.jpg_50x50.jpg ,https://www.alibaba.com/product-detail/Automatic-corn-silage-packing-machine-silage_60500346734.html
China top brand ARMOUR/LANDFIGHTER/FULLERSHINE agricultural tyre (tractor tire) 23.1-30 23.1-26 20.8-38 24.5-32 R1 pattern,US $,58,291,150 Piece/Pieces, 1500 Piece/Pieces per Day , QINGDAO ,//sc01.alicdn.com/kf/HTB14UvxaBUSMeJjSspfq6x0VFXaQ/China-top-brand-ARMOUR-LANDFIGHTER-FULLERSHINE-agricultural.jpg_50x50.jpg //sc01.alicdn.com/kf/HTB1aifTKXXXXXbzXFXXq6xXFXXXg/China-top-brand-ARMOUR-LANDFIGHTER-FULLERSHINE-agricultural.jpg_50x50.jpg //sc01.alicdn.com/kf/HTB1DjnJHpXXXXXBXXXXq6xXFXXXH/China-top-brand-ARMOUR-LANDFIGHTER-FULLERSHINE-agricultural.jpg_50x50.jpg //sc01.alicdn.com/kf/HTB1FM_TLXXXXXa7XFXXq6xXFXXXE/China-top-brand-ARMOUR-LANDFIGHTER-FULLERSHINE-agricultural.jpg_50x50.jpg //sc02.alicdn.com/kf/HTB1T5D6LXXXXXaCXpXXq6xXFXXX1/China-top-brand-ARMOUR-LANDFIGHTER-FULLERSHINE-agricultural.jpg_50x50.jpg //sc02.alicdn.com/kf/HTB1vw4rKVXXXXbpXVXXq6xXFXXXy/China-top-brand-ARMOUR-LANDFIGHTER-FULLERSHINE-agricultural.jpg_50x50.jpg ,https://www.alibaba.com/product-detail/China-top-brand-ARMOUR-LANDFIGHTER-FULLERSHINE_1934106120.html
2015 high hatching rate 5000 egg incubator chicken hatchery machine price,US $,800,1100,1 Unit/Units, 1000 Unit/Units per Month , QingdaoTianjin ,https://img.alicdn.com/bao/uploaded/TB1VYYZRVXXXXbxXFXXXXXXXXXX.jpg //sc01.alicdn.com/kf/HTB1aP_wcPgy_uJjSZPxq6ynNpXaZ/2015-high-hatching-rate-5000-egg-incubator.jpg_50x50.jpg //sc01.alicdn.com/kf/HTB1JwvxfS7PL1JjSZFHq6AciXXaN/2015-high-hatching-rate-5000-egg-incubator.jpg_50x50.jpg //sc02.alicdn.com/kf/HTB1ZpCEcwb.PuJjSZFpq6zuFpXa6/2015-high-hatching-rate-5000-egg-incubator.jpg_50x50.jpg //sc02.alicdn.com/kf/HTB1jczJfU3IL1JjSZFMq6yjrFXaF/2015-high-hatching-rate-5000-egg-incubator.jpg_50x50.jpg //sc02.alicdn.com/kf/HTB1BXGEcwb.PuJjSZFpq6zuFpXaE/2015-high-hatching-rate-5000-egg-incubator.jpg_50x50.jpg //sc02.alicdn.com/kf/HTB1Hwiufol7MKJjSZFDq6yOEpXaf/2015-high-hatching-rate-5000-egg-incubator.jpg_50x50.jpg ,https://www.alibaba.com/product-detail/2015-high-hatching-rate-5000-egg_60213403107.html
15-55hp Farm Machinery Tractor Verge Flail Mower,US $,880,1300,1 Set/Sets, 500 Set/Sets per Month for verge flail mower , Shanghai ,https://img.alicdn.com/bao/uploaded/TB1sdXoesjI8KJjSsppXXXbyVXa.jpg //sc02.alicdn.com/kf/HTB1emQHrASWBuNjSszdq6zeSpXaY/15-55hp-Farm-Machinery-Tractor-Verge-Flail.jpg_50x50.jpg //sc02.alicdn.com/kf/HTB1fGSGfIUrBKNjSZPxq6x00pXaM/15-55hp-Farm-Machinery-Tractor-Verge-Flail.jpg_50x50.jpg //sc02.alicdn.com/kf/HTB1Z2SaRVXXXXXCXXXXq6xXFXXXa/15-55hp-Farm-Machinery-Tractor-Verge-Flail.jpg_50x50.jpg //sc01.alicdn.com/kf/HTB1iJBLLpXXXXcoapXXq6xXFXXXf/15-55hp-Farm-Machinery-Tractor-Verge-Flail.jpg_50x50.jpg //sc01.alicdn.com/kf/HTB1t7hVLpXXXXafaXXXq6xXFXXXk/15-55hp-Farm-Machinery-Tractor-Verge-Flail.jpg_50x50.jpg //sc01.alicdn.com/kf/HTB1poYxbMoSMeJjSspaq6zMOFXaN/15-55hp-Farm-Machinery-Tractor-Verge-Flail.jpg_50x50.jpg ,https://www.alibaba.com/product-detail/15-55hp-Farm-Machinery-Tractor-Verge_60256118006.html
China factory floating fish pellet extruder / fish feed machine price,US $,1800,35000,1 Set/Sets, 200 Set/Sets per Month , Qingdao/Tianjin/Shanghai/Shengzhen ,https://img.alicdn.com/bao/uploaded/TB1U5CzoZjI8KJjSsppXXXbyVXa.jpg //sc01.alicdn.com/kf/HTB1HQcwmvDH8KJjy1Xcq6ApdXXay/China-factory-floating-fish-pellet-extruder-fish.jpg_50x50.jpg //sc02.alicdn.com/kf/HTB1J3_gmBDH8KJjSszcq6zDTFXaX/China-factory-floating-fish-pellet-extruder-fish.jpg_50x50.jpg //sc02.alicdn.com/kf/HTB1f47kmBDH8KJjy1zeq6xjepXaX/China-factory-floating-fish-pellet-extruder-fish.jpg_50x50.jpg //sc02.alicdn.com/kf/HTB1b82vmtzJ8KJjSspkq6zF7VXaU/China-factory-floating-fish-pellet-extruder-fish.jpg_50x50.jpg //sc02.alicdn.com/kf/HTB15qMUmDnI8KJjy0Ffq6AdoVXa8/China-factory-floating-fish-pellet-extruder-fish.jpg_50x50.jpg //sc02.alicdn.com/kf/HTB1JHzCmtfJ8KJjy0Feq6xKEXXaR/China-factory-floating-fish-pellet-extruder-fish.jpg_50x50.jpg ,https://www.alibaba.com/product-detail/China-factory-floating-fish-pellet-extruder_60730237538.html
Economic type edible oil refinery plant/oil refining equipment,US $,20000,30000,1 Set/Sets MOQ 1set, 1000 Set/Sets per Year MOQ 1set , Qingdaolianyungang ,https://img.alicdn.com/bao/uploaded/TB1SadqRVXXXXaCXpXXXXXXXXXX.jpg //sc02.alicdn.com/kf/HTB15gmtSFXXXXbLaXXXq6xXFXXXp/Economic-type-edible-oil-refinery-plant-oil.jpg_50x50.jpg //sc02.alicdn.com/kf/HTB12YN1PpXXXXavXFXXq6xXFXXXp/Economic-type-edible-oil-refinery-plant-oil.jpg_50x50.jpg //sc01.alicdn.com/kf/HTB1c3VQPpXXXXcyXVXXq6xXFXXXL/Economic-type-edible-oil-refinery-plant-oil.jpg_50x50.jpg //sc01.alicdn.com/kf/HTB1Rj09LXXXXXXHaXXXq6xXFXXXG/Economic-type-edible-oil-refinery-plant-oil.jpg_50x50.jpg //sc01.alicdn.com/kf/HTB1O2F9PpXXXXcgXpXXq6xXFXXX2/Economic-type-edible-oil-refinery-plant-oil.jpg_50x50.jpg //sc02.alicdn.com/kf/HTB1SD9aPpXXXXcIXXXXq6xXFXXX7/Economic-type-edible-oil-refinery-plant-oil.jpg_50x50.jpg ,https://www.alibaba.com/product-detail/Economic-type-edible-oil-refinery-plant_423992778.html
80-1000kg/H Screw type castor seeds oil expeller machine cashew nut shell & peanut & sesame oil press machine in Congo,US $,1800,6500,1 Set/Sets oil press machine, 100 Set/Sets per Quarter oil press machine , QINGDAO SHANGHAI GUANGZHOU NINGBO ,//sc01.alicdn.com/kf/HTB1faCiotnJ8KJjSszdq6yxuFXaj/80-1000kg-H-Screw-type-castor-seeds.jpg_50x50.jpg //sc02.alicdn.com/kf/HTB14lHlkkfb_uJjSsrbq6z6bVXa7/80-1000kg-H-Screw-type-castor-seeds.jpg_50x50.jpg //sc02.alicdn.com/kf/HTB14VQSltfJ8KJjy0Feq6xKEXXau/80-1000kg-H-Screw-type-castor-seeds.jpg_50x50.jpg //sc01.alicdn.com/kf/HTB1.JlSlL2H8KJjy1zkq6xr7pXaN/80-1000kg-H-Screw-type-castor-seeds.jpg_50x50.jpg //sc01.alicdn.com/kf/HTB1nW71lv2H8KJjy0Fcq6yDlFXaM/80-1000kg-H-Screw-type-castor-seeds.jpg_50x50.jpg //sc01.alicdn.com/kf/HTB1SCpDlNPI8KJjSspoq6x6MFXaV/80-1000kg-H-Screw-type-castor-seeds.jpg_50x50.jpg ,https://www.alibaba.com/product-detail/80-1000kg-H-Screw-type-castor_60592289786.html
Custom color hot sale 28/400 plastic garden water trigger sprayer,US $,0.124,0.126,30000 Piece/Pieces trigger sprayer, 100000 Piece/Pieces per Month trigger sprayer , Ningbo/Shanghai ,//sc01.alicdn.com/kf/HTB14GDDgDnI8KJjSszgq6A8ApXaw/Custom-color-hot-sale-28-400-plastic.jpg_50x50.jpg //sc02.alicdn.com/kf/HTB1PePjcdHO8KJjSZFLq6yTqVXaf/Custom-color-hot-sale-28-400-plastic.jpg_50x50.jpg //sc01.alicdn.com/kf/HTB1JwLxgDTI8KJjSsphq6AFppXaR/Custom-color-hot-sale-28-400-plastic.jpg_50x50.jpg //sc02.alicdn.com/kf/HTB1yPTvgxTI8KJjSspiq6zM4FXav/Custom-color-hot-sale-28-400-plastic.jpg_50x50.jpg //sc01.alicdn.com/kf/HTB1JwPxgDTI8KJjSsphq6AFppXa3/Custom-color-hot-sale-28-400-plastic.jpg_50x50.jpg ,https://www.alibaba.com/product-detail/Custom-color-hot-sale-28-400_60611206560.html
egg incubator kerosene operated,US $,300,1000,1 Set/Sets, 200 Unit/Units per Month , chennai ,//sc01.alicdn.com/kf/UTB8NtzqdtnJXKJkSaiyq6AhwXXaM/egg-incubator-kerosene-operated.jpg_50x50.jpg //sc01.alicdn.com/kf/UTB8kNnwdpPJXKJkSahVq6xyzFXac/egg-incubator-kerosene-operated.jpg_50x50.jpg ,https://www.alibaba.com/product-detail/egg-incubator-kerosene-operated_124451620.html
1 ton per day mini small vegetable cooking coconut soya peanut sunflower palm mustard crude oil refinery machine,US $,15000,25000,1 Set/Sets, 20 Set/Sets per Month , Tianjin/Qingdao/Shanghai ,https://img.alicdn.com/bao/uploaded/TB1tDzjRFXXXXXZXXXXXXXXXXXX.jpg //sc01.alicdn.com/kf/HTB1aLMSs21TBuNjy0Fjq6yjyXXaq/1-ton-per-day-mini-small-vegetable.jpg_50x50.jpg //sc02.alicdn.com/kf/HTB1V5pPRXXXXXXwXpXXq6xXFXXXY/1-ton-per-day-mini-small-vegetable.jpg_50x50.jpg //sc01.alicdn.com/kf/HTB1hwE5QVXXXXcIaXXXq6xXFXXXi/1-ton-per-day-mini-small-vegetable.jpg_50x50.jpg //sc02.alicdn.com/kf/HTB1GS0cRXXXXXceaXXXq6xXFXXXT/1-ton-per-day-mini-small-vegetable.jpg_50x50.jpg //sc01.alicdn.com/kf/HTB1kqdIRXXXXXcaXpXXq6xXFXXXB/1-ton-per-day-mini-small-vegetable.jpg_50x50.jpg //sc01.alicdn.com/kf/HTB1BzFYRXXXXXXqXXXXq6xXFXXXq/1-ton-per-day-mini-small-vegetable.jpg_50x50.jpg ,https://www.alibaba.com/product-detail/1-ton-per-day-mini-small_911728252.html
CE approved HHD 110V 220V 220+12V 96 full automatic mini chicken poultry egg incubator hatching machine,US $,35.5,42,1 Set/Sets chicken poultry egg incubator  can be order, 50000 Set/Sets per Week chicken poultry egg incubator in stock , NingboShanghaiQingdao Shenzhen Guanghzou ,http://img01.taobaocdn.com/bao/uploaded/TB1FEjARXXXXXb0XFXXXXXXXXXX.jpg //sc01.alicdn.com/kf/HTB1l008dh1YBuNjy1zcq6zNcXXaE/CE-approved-HHD-110V-220V-220-12V.jpg_50x50.jpg //sc01.alicdn.com/kf/HTB1W8Qbav6TBKNjSZJiq6zKVFXau/CE-approved-HHD-110V-220V-220-12V.jpg_50x50.jpg //sc01.alicdn.com/kf/HTB1XYyTeRbM8KJjSZFFq6yynpXaa/CE-approved-HHD-110V-220V-220-12V.jpg_50x50.jpg //sc01.alicdn.com/kf/HTB1kpNIdbSYBuNjSspiq6xNzpXav/CE-approved-HHD-110V-220V-220-12V.jpg_50x50.jpg //sc01.alicdn.com/kf/HTB1gXlJdgmTBuNjy1Xbq6yMrVXaa/CE-approved-HHD-110V-220V-220-12V.jpg_50x50.jpg //sc02.alicdn.com/kf/HTB1tX5FX22H8KJjy0Fcq6yDlFXaM/CE-approved-HHD-110V-220V-220-12V.jpg_50x50.jpg ,https://www.alibaba.com/product-detail/CE-approved-HHD-110V-220V-220_60038494076.html
HHD Top sale automatic digital solar chicken egg incubator 112 eggs YZ-112,US $,35,42,1 Set/Sets automatic egg incubator in stock, 5000 Set/Sets per Month , Ningbo/Shanghai/Shenzhen/Guangzhou/Qingdao ,//sc02.alicdn.com/kf/HTB1rgz.PVXXXXaiaXXXq6xXFXXXc/HHD-Top-sale-automatic-digital-solar-chicken.jpg_50x50.jpg //sc02.alicdn.com/kf/HTB1lsUiPVXXXXa8XVXXq6xXFXXX6/HHD-Top-sale-automatic-digital-solar-chicken.jpg_50x50.jpg //sc02.alicdn.com/kf/HTB15r7pPVXXXXaWXFXXq6xXFXXXM/HHD-Top-sale-automatic-digital-solar-chicken.jpg_50x50.jpg //sc02.alicdn.com/kf/HTB15OomPVXXXXc5XFXXq6xXFXXXm/HHD-Top-sale-automatic-digital-solar-chicken.jpg_50x50.jpg //sc02.alicdn.com/kf/HTB1TB2WPVXXXXamXVXXq6xXFXXXr/HHD-Top-sale-automatic-digital-solar-chicken.jpg_50x50.jpg //sc01.alicdn.com/kf/HTB1QiUXPVXXXXanaXXXq6xXFXXXS/HHD-Top-sale-automatic-digital-solar-chicken.jpg_50x50.jpg ,https://www.alibaba.com/product-detail/HHD-Top-sale-automatic-digital-solar_60617208436.html
tractor tires 13.6x28 13.6-28 agricultural tire for sale,US $,60,150,1 Piece/Pieces 1 Twenty-Foot tractor tires (Min. Order), 200 Piece/Pieces per Day 200 PCS tractor tires per day , QINGDAO ,//sc02.alicdn.com/kf/HTB1v2LgrY9YBuNjy0Fg763xcXXau/tractor-tires-13-6x28-13-6-28.png_50x50.png //sc02.alicdn.com/kf/HTB18ipWOFXXXXamXpXXq6xXFXXXQ/tractor-tires-13-6x28-13-6-28.jpg_50x50.jpg //sc02.alicdn.com/kf/HTB13zxqOFXXXXc3aXXXq6xXFXXXm/tractor-tires-13-6x28-13-6-28.jpg_50x50.jpg //sc02.alicdn.com/kf/HTB1JcxzOFXXXXcXXVXXq6xXFXXXF/tractor-tires-13-6x28-13-6-28.jpg_50x50.jpg //sc02.alicdn.com/kf/HTB1ZdNAOFXXXXcPXVXXq6xXFXXXB/tractor-tires-13-6x28-13-6-28.jpg_50x50.jpg //sc01.alicdn.com/kf/HTB1uDJqOFXXXXcvaXXXq6xXFXXXD/tractor-tires-13-6x28-13-6-28.jpg_50x50.jpg ,https://www.alibaba.com/product-detail/tractor-tires-13-6x28-13-6_60571639126.html
Rubber plucker finger / Rubber plucking finger (RF-112),US $,0.15,0.5,1 Piece/Pieces 500 pcs / box, 2000 Piece/Pieces per Day , Klang Malaysia ,//sc02.alicdn.com/kf/UT8fv0PXBdXXXagOFbXE/Rubber-plucker-finger-Rubber-plucking-finger-RF.jpg_50x50.jpg //sc01.alicdn.com/kf/UT8H_0PXvxXXXagOFbXa/Rubber-plucker-finger-Rubber-plucking-finger-RF.jpg_50x50.jpg //sc01.alicdn.com/kf/UT8n28PXBdXXXagOFbXH/Rubber-plucker-finger-Rubber-plucking-finger-RF.jpg_50x50.jpg ,https://www.alibaba.com/product-detail/Rubber-plucker-finger-Rubber-plucking-finger_50026422239.html
Newest Easy Fully automatic chicken egg incubator for sale/ poultry hatching eggs incubators ZH-440,US $,210,260,1 Set/Sets, 1000 Set/Sets per Month , Qingdao Port ,//sc02.alicdn.com/kf/HTB17jfaKFXXXXbZXFXX760XFXXX7/Newest-Easy-Fully-automatic-chicken-egg-incubator.png_50x50.png //sc02.alicdn.com/kf/HTB1_hy7KFXXXXbbXVXXq6xXFXXXm/Newest-Easy-Fully-automatic-chicken-egg-incubator.jpg_50x50.jpg //sc02.alicdn.com/kf/HTB13lbmKFXXXXbqXpXXq6xXFXXX5/Newest-Easy-Fully-automatic-chicken-egg-incubator.jpg_50x50.jpg //sc01.alicdn.com/kf/HTB1sy6vKFXXXXbcXXXXq6xXFXXXG/Newest-Easy-Fully-automatic-chicken-egg-incubator.jpg_50x50.jpg //sc02.alicdn.com/kf/HTB1bPzXKFXXXXb8XFXXq6xXFXXX7/Newest-Easy-Fully-automatic-chicken-egg-incubator.jpg_50x50.jpg //sc02.alicdn.com/kf/HTB1zeYsKFXXXXcQXXXXq6xXFXXXf/Newest-Easy-Fully-automatic-chicken-egg-incubator.jpg_50x50.jpg ,https://www.alibaba.com/product-detail/Newest-Easy-Fully-automatic-chicken-egg_60319310665.html
High hatching rate 98 eggs mini chicken egg incubator for sale,US $,27,45,1 Unit/Units, 100000 Unit/Units per Month , QingDao ,https://img.alicdn.com/bao/uploaded/TB14A3JcwoQMeJjy0FnXXb8gFXa.jpg //sc01.alicdn.com/kf/HTB1dQTXlStYBeNjSspaq6yOOFXaZ/High-hatching-rate-98-eggs-mini-chicken.jpg_50x50.jpg //sc01.alicdn.com/kf/HTB1bf31nmBYBeNjy0Feq6znmFXan/High-hatching-rate-98-eggs-mini-chicken.jpg_50x50.jpg //sc01.alicdn.com/kf/HTB10yvhdIIrBKNjSZK9q6ygoVXaS/High-hatching-rate-98-eggs-mini-chicken.jpg_50x50.jpg //sc01.alicdn.com/kf/HTB1i0t_lL5TBuNjSspmq6yDRVXaa/High-hatching-rate-98-eggs-mini-chicken.jpg_50x50.jpg //sc02.alicdn.com/kf/HTB10IUoc8fM8KJjSZFOq6xr5XXaC/High-hatching-rate-98-eggs-mini-chicken.jpg_50x50.jpg //sc01.alicdn.com/kf/HTB13NuNhrsTMeJjSszdq6AEupXaI/High-hatching-rate-98-eggs-mini-chicken.jpg_50x50.jpg ,https://www.alibaba.com/product-detail/High-hatching-rate-98-eggs-mini_60295011912.html
High Quality New Holland Aftermarket Parts,US $,1,999999,1 Piece/Pieces, 100000 Piece/Pieces per Day , Istanbul Mersin Izmir ,//sc01.alicdn.com/kf/UT8oZcfXp0bXXcUQpbXy/High-Quality-New-Holland-Aftermarket-Parts.png_50x50.png //sc02.alicdn.com/kf/UT8EzkiXq4XXXagOFbXR/High-Quality-New-Holland-Aftermarket-Parts.jpg_50x50.jpg //sc02.alicdn.com/kf/UT8PAAgXt8aXXagOFbXM/High-Quality-New-Holland-Aftermarket-Parts.jpg_50x50.jpg //sc01.alicdn.com/kf/UT8T4giXrdXXXagOFbX6/High-Quality-New-Holland-Aftermarket-Parts.jpg_50x50.jpg ,https://www.alibaba.com/product-detail/High-Quality-New-Holland-Aftermarket-Parts_50029305090.html
industrial hatchrite incubator emu egg incubator for sale in australia,US $,450,550,1 Set/Sets industrial hatchrite incubator emu egg incubator for sale in aus, 1000 Set/Sets per Month industrial hatchrite incubator emu egg incubator for sale in aus , Qingdao Tianjin port ,https://img.alicdn.com/bao/uploaded/TB1lTzDSXXXXXc.aFXXXXXXXXXX.jpg //sc02.alicdn.com/kf/HTB1k3q2aRfH8KJjy1Xbq6zLdXXaM/industrial-hatchrite-incubator-emu-egg-incubator-for.jpg_50x50.jpg ,https://www.alibaba.com/product-detail/industrial-hatchrite-incubator-emu-egg-incubator_60546032593.html
F-HPVMF-18-R-02 Hydrostatic Transmission for Combine Harvesterhydraulic system parts,US $,635,735,1 Piece/Pieces, 1000 Piece/Pieces per Month , Shanghai & Qingdao ,//sc02.alicdn.com/kf/HTB1K4C.LXXXXXXTXFXXq6xXFXXX3/F-HPVMF-18-R-02-Hydrostatic-Transmission.jpg_50x50.jpg //sc02.alicdn.com/kf/HTB17rHnLXXXXXXyXXXXq6xXFXXXW/F-HPVMF-18-R-02-Hydrostatic-Transmission.jpg_50x50.jpg //sc01.alicdn.com/kf/HTB1nI5TLXXXXXaiaXXXq6xXFXXXk/F-HPVMF-18-R-02-Hydrostatic-Transmission.jpg_50x50.jpg //sc01.alicdn.com/kf/HTB1VDbXLXXXXXcVXpXXq6xXFXXXX/F-HPVMF-18-R-02-Hydrostatic-Transmission.jpg_50x50.jpg ,https://www.alibaba.com/product-detail/F-HPVMF-18-R-02-Hydrostatic_60416873693.html
5280 hatching machine/popular commercial egg incubator/incubator for 6000 eggs for sale,US $,500,700,1 Set/Sets, 1000 Set/Sets per Month , Qingdao or ShanghaiChina ,//sc02.alicdn.com/kf/HTB11G59MVXXXXaNapXXq6xXFXXXt/5280-hatching-machine-popular-commercial-egg-incubator.jpg_50x50.jpg //sc01.alicdn.com/kf/HTB1B4G5MVXXXXcfapXXq6xXFXXXd/5280-hatching-machine-popular-commercial-egg-incubator.jpg_50x50.jpg //sc01.alicdn.com/kf/HTB1DHbrMVXXXXcKXpXXq6xXFXXXX/5280-hatching-machine-popular-commercial-egg-incubator.jpg_50x50.jpg //sc01.alicdn.com/kf/HTB1z3PXMVXXXXXFapXXq6xXFXXXk/5280-hatching-machine-popular-commercial-egg-incubator.jpg_50x50.jpg //sc01.alicdn.com/kf/HTB1AJLpMVXXXXa9XFXXq6xXFXXXG/5280-hatching-machine-popular-commercial-egg-incubator.jpg_50x50.jpg //sc01.alicdn.com/kf/HTB1H3bhMVXXXXXgaXXXq6xXFXXXG/5280-hatching-machine-popular-commercial-egg-incubator.jpg_50x50.jpg ,https://www.alibaba.com/product-detail/5280-hatching-machine-popular-commercial-egg_60519403931.html
hand pump sprayer parts in China trigger sprayer for bottles,US $,0.06,0.065,30000 Piece/Pieces hand pump sprayer parts, 300000 Piece/Pieces per Day hand pump sprayer parts , Ningbo/Shanghai ,https://img.alicdn.com/bao/uploaded/TB1vMc0dwsSMeJjSspcXXXjFXXa.jpg //sc02.alicdn.com/kf/HTB1Lwgub7fb_uJkSnaVq6xFmVXaO/hand-pump-sprayer-parts-in-China-trigger.jpg_50x50.jpg ,https://www.alibaba.com/product-detail/hand-pump-sprayer-parts-in-China_60721573410.html?s=p
Factory vacuum cleaner hepa air filter,US $,0.99,5,50 Piece/Pieces, 100000 Piece/Pieces per Month , Ningbo Tianjin Shanghai Qingdao ,//sc02.alicdn.com/kf/HTB1G.Q6gfiSBuNkSnhJq6zDcpXaW/Factory-vacuum-cleaner-hepa-air-filter.jpg_50x50.jpg //sc01.alicdn.com/kf/HTB1pd8VaHsTMeJjy1zcq6xAgXXaW/Factory-vacuum-cleaner-hepa-air-filter.jpg_50x50.jpg //sc02.alicdn.com/kf/HTB1UoA9gcyYBuNkSnfoq6AWgVXaC/Factory-vacuum-cleaner-hepa-air-filter.jpg_50x50.jpg //sc01.alicdn.com/kf/HTB1eFGGoKOSBuNjy0Fdq6zDnVXah/Factory-vacuum-cleaner-hepa-air-filter.jpg_50x50.jpg //sc02.alicdn.com/kf/HTB12pa1oL1TBuNjy0Fjq6yjyXXan/Factory-vacuum-cleaner-hepa-air-filter.jpg_50x50.jpg //sc01.alicdn.com/kf/HTB10HGUoNSYBuNjSspjq6x73VXaZ/Factory-vacuum-cleaner-hepa-air-filter.jpg_50x50.jpg ,https://www.alibaba.com/product-detail/Factory-vacuum-cleaner-hepa-air-filter_60693169799.html?s=p
Walking lawn seed spreader for seed and fertilizer,US $,19,29,200 Piece/Pieces, 10000 Carton/Cartons per Month , Qingdao ,//sc01.alicdn.com/kf/HTB1cYI9XBfM8KJjSZPiq6xdspXau/Walking-lawn-seed-spreader-for-seed-and.jpg_50x50.jpg //sc01.alicdn.com/kf/HTB1uLwxXxk98KJjSZFoq6xS6pXan/Walking-lawn-seed-spreader-for-seed-and.jpg_50x50.jpg //sc01.alicdn.com/kf/HTB1nXk7XazB9uJjSZFMq6xq4XXar/Walking-lawn-seed-spreader-for-seed-and.jpg_50x50.jpg //sc01.alicdn.com/kf/HTB1MVYMX_TI8KJjSsphq6AFppXah/Walking-lawn-seed-spreader-for-seed-and.jpg_50x50.jpg //sc01.alicdn.com/kf/HTB143NdXGLN8KJjSZFGq6zjrVXay/Walking-lawn-seed-spreader-for-seed-and.jpg_50x50.jpg //sc01.alicdn.com/kf/HTB193..XwjN8KJjSZFgq6zjbVXaV/Walking-lawn-seed-spreader-for-seed-and.jpg_50x50.jpg ,https://www.alibaba.com/product-detail/Walking-lawn-seed-spreader-for-seed_60741620891.html?s=p
