Item,Price,Supply Ability,Port
HJZX-300 Automatic Pillow Filling Machine,"US $,2,000,-,4,000,|,1 Set/Sets", 5 Set/Sets per Day , Shanghai 
Double Head Continuous Quilting Machine,"EUR ,1,000,-,900,000,|,1 Piece/Pieces", 1 Piece/Pieces per Day ," GEMLIK, AMBARLI "
"quilting machine,apparel & textile machine, quilting embroidery machine","US $,8,000,-,25,000,|,1 Set/Sets embroidered patch machine", 100 Set/Sets per Month embroidered patch machine ," Shenzhen, China "
Computer-controlled ultrasonic quilting machine,"US $,50,000,-,50,001,|,1 Piece/Pieces", 1 Set/Sets per Week , Shanghai 
500kg/h toilet soap making machine,"US $,68,000,-,70,000,|,1 Set/Sets", 1 Set/Sets per Month , Qingdao 
Computerized Multi-needle Quilting Machine,"US $,40,000,-,50,000,|,1 Set/Sets", 15 Set/Sets per Month , GUANGZHOU 
"Single Needle Quilting Machine,Mattress Making Machine","US $,3,500,-,5,500,|,1 Set/Sets", 1000 Set/Sets per Year , SHANGHAI 
737B High Speed Towel Rapier loom Weaving machine,2 Set/Sets, 100 Set/Sets per Month , NingBo/ShangHai 
Multi-needle Computerized Quilting Machine,"US $,10,000,-,20,000,|,1 Set/Sets Computerized Quilting Machine", 50 Set/Sets per Month Computerized Quilting Machine , Qingdao 
Fast Production Speed Computerized Multi Needle Mattress Quilting Sewing Machine,"US $,35,000,-,43,000,|,1 Set/Sets", 300 Set/Sets per Month ," Guangzhou,Shenzhen,HK "
polyester fiber opening machine,"US $,500,-,2,000,|,1 Set/Sets", 2 Set/Sets per Month , shenzhen 
2017 china made cheaper ultrasonic quilting machine price with CE,"US $,12,000,-,15,000,|,1 Set/Sets ultrasonic quilting machine", 50 Set/Sets per Month ultrasonic quilting machine ," Shanghai , Ningbo or Shenzhen "
Vertical Blind Vanes Automatic Cutting Machine,"US $,1,-,20,000,|,1 Set/Sets", 3 Set/Sets per Month ," Taiwan, China, Korea "
"Industrial quilting machine, mattress quilting machine with multi needles","US $,10,000,-,38,000,|,1 Set/Sets", 100 Set/Sets per Year quilting machine , Shanghai 
high speed computer lock stitch shuttle quilting machine for bedspreads fabric,1 Set/Sets, 50 Set/Sets per Month , shenzhen 
Computerized single needle quilting machine,"US $,1,800,-,3,500,|,1 Piece/Pieces", 50 Set/Sets per Month , ShangHai/QingDao 
Full Automatic Pillow Cover Machine hemming US letter type,"US $,0.1,-,1,|,1 Set/Sets", 300 Set/Sets per Year , Shanghai 
PSF Production Line / polyester fiber machine/China top quality recycle psf production line,"US $,99,999,-,180,000,|,1 Set/Sets", 10 Set/Sets per Year ," SHANGHAI,ZHANGJIAGANG,SHENZHEN,NINGBO "
Hight quality sofa pillow polyester ball fiber making machine,"US $,6,600,-,8,500,|,1 Set/Sets", 100 Set/Sets per Month , SHENZHEN 
"Computerized Quilting Embroidery Machine, Embroidery Quilting Machine","US $,8,000,-,15,000,|,1 Set/Sets", 100 Set/Sets per Month , Qingdao 
"High capacity AV-750B-1 Automatic pillow ball fiber machine, fiber ball making machine","US $,4,000,-,6,000,|,1 Set/Sets ball fiber machine", 20 Set/Sets per Month ball fiber machine , Shenzhen China(Mainland) 
industrial computerized mattress frame one single needle sewing quilting machine,"US $,2,990,-,3,350,|,1 Set/Sets industrial computerized mattress frame one single needle sewing", 100 Set/Sets per Month industrial computerized mattress frame one single needle sewing ," NingBo,QingDao,GuangZhou "
"Trade Assurance LCD single needle quilting machine ,single head quilting machine ,computerized quilting machine","US $,2,400,-,4,000,|,1 Set/Sets single needle /head quilting machine"," 800 Set/Sets per Month single needle quilting machine ,single head quilting machine ", Qingdao port or as your request port 
hot sale 2016 best zhengbu HFJ-26G Computerized single needle quilting machine,"US $,9,000,-,12,500,|,1 Set/Sets", 100 Set/Sets per Month , Shanghai 
"HFM-2000 Ball Fiber Machine,Polyester Ball Fiber Making Machine","US $,4,400,-,5,400,|,1 Set/Sets", 30 Set/Sets per Month , Shanghai 
ULTRASONI ROLLER BLIND CUTTING MACHINE,1 Set/Sets, 10 Set/Sets per Month , Huangpu Guangzhou 
TONGDA Computerized multi needle quilting machine,"US $,19,000,-,39,000,|,1 Set/Sets", 500 Set/Sets per Month , Qingdao 
PL200 Cheap Factory Wholesale Price Fiber Fill Pillow Making Machine Manufacturer in China,"US $,1,000,-,20,000,|,1 Set/Sets pillow making machine", 10 Set/Sets per Month pillow making machine ," Shekou port, Yantian port "
High quality home small size swift yarn ball winder with holder hand operated in TOP quality from Chinese factory,"US $,5,-,10,|,50 Piece/Pieces if  stock", 60000 Piece/Pieces per Month knitting loom , Ningbo or Shanghai loom knitting 
High quality plastic wool yarn winder hank winding machine hank to ball for needle crochet hand knitting tools of hats sweaters,"US $,7.5,-,9,|,100 Piece/Pieces for yarn knitting ball winder", 50000 Piece/Pieces per Month for yarn knitting ball winder ," Shanghai, Ningbo, china main port "
"SS-2500-HC Second hand high speed computerized multineedle chainstitch quilting machine,used quilting machine","US $,20,000,-,60,000,|,1 Unit/Units", 8 Unit/Units per Month , China 
Automatic pillow filling machine,"US $,15,000,-,20,000,|,1 Set/Sets", 500 Set/Sets per Month , Qingdao port 
Film Lamination Machinery for TPU Film and Nonwoven Kuntai Factory,1 Set/Sets Film lamination machine, 50 Set/Sets per Month Film lamination machine , Shanghai Port 
Super Quality Mattress Ultrasonic Sewing Quilting Embroidery Machine Price,"US $,15,000,-,20,000,|,1 Set/Sets ultrasonic quilting machine", 200 Set/Sets per Year ultrasonic quilting machine , China Main Ports 
